file,governance,env,sim_id,mode,condition,result,time_s,path_m,efficiency,collisions,c0min,spills_human,spills_sim,spill_expected,spill_risk_pct,perc_queries,meta_switches,fsm_interventions,meta2_mode,meta2_capped_ticks,meta2_on,meta2_switches,meta2_helps,meta2_fallbacks,meta2_fallback_pct,meta2_help_pct,meta2_cautious_pct,meta2_mean_tension,meta2_mean_fulfillment,mean_clearance,mean_progression,mean_reliability,laser_noise_mean,laser_noise_max,filt_rej_mean,scan_hz,stale_pct,gated_pct,safer_inserts,map_adds,map_dels,obs_max,reloc_jumps,tick_ms_p95,notes
20260626_094353_native_B.json,?,real,,native,,aborted,19.1,2.16,,2,0.9,,0,,,,0,0,,,,0,0,0,,,,,,,,,,,,,,,,,,,0,,
20260626_105149_ours_B.json,?,real,,ours,,aborted,28.05,2.4,,2,0.17,,0,,,,0,0,,,,0,0,0,,,,,,,,,,,,,,,,,,,0,,
20260626_181531_native_C.json,?,real,,native,,reached,6.25,2.16,0.95,1,2.5,,0,,,,0,0,,,,0,0,0,,,,,,,,,,,,,,,,,,,0,,
20260626_181744_native_C.json,?,real,,native,,reached,6.99,2.65,0.94,1,2.5,,0,,,,0,0,,,,0,0,0,,,,,,,,,,,,,,,,,,,0,,
20260626_191535_native_B.json,?,real,,native,,aborted,13.34,0.0,,0,2.5,,0,,,,0,0,,,,0,0,0,,,,,,,,,,,,,,,,,,,0,,
20260626_192013_native_B.json,?,real,,native,,aborted,72.63,2.25,,1,0.8,,0,,,,0,0,,,,0,0,0,,,,,,,,,,,,,,,,,,,0,,
20260626_192204_native_B.json,?,real,,native,,aborted,28.88,2.23,,2,0.76,,0,,,,0,0,,,,0,0,0,,,,,,,,,,,,,,,,,,,0,,
20260626_192332_ours_B.json,?,real,,ours,,aborted,112.22,13.97,,3,0.05,,0,,,,0,0,,,,0,0,0,,,,,,,,,,,,,,,,,,,0,,
20260626_192952_ours_B.json,?,real,,ours,,aborted,66.49,9.34,,1,0.25,,0,,,,0,0,,,,0,0,0,,,,,,,,,,,,,,,,,,,0,,
20260626_193154_ours_B.json,?,real,,ours,,aborted,43.46,7.9,,1,0.28,,0,,,,0,0,,,,0,0,0,,,,,,,,,,,,,,,,,,,0,,
20260626_194506_ours_B.json,?,real,,ours,,aborted,133.71,20.02,,2,0.05,,0,,,,0,0,,,,0,0,0,,,,,,,,,,,,,,,,,,,0,,
20260626_195153_ours_B.json,?,real,,ours,,aborted,93.16,8.63,,8,0.05,,0,,,,0,0,,,,0,0,0,,,,,,,,,,,,,,,,,,,0,,
20260626_195615_ours_B.json,?,real,,ours,,aborted,126.69,16.0,,3,0.06,,0,,,,0,0,,,,0,0,0,,,,,,,,,,,,,,,,,,,0,,
20260626_200501_ours_B.json,?,real,,ours,,reached,157.77,23.01,0.28,10,0.05,,0,,,,0,0,,,,0,0,0,,,,,,,,,,,,,,,,,,,0,,
20260629_131326_ours_B.json,?,real,,ours,,aborted,41.89,8.31,,0,0.3,,0,,,,0,0,,,,0,0,0,,,,,,0.689,0.339,0.703,0.267,,,,,,,,,,0,,
20260629_132032_ours_B.json,?,real,,ours,,reached,48.18,8.9,0.69,0,0.53,,0,,,0,0,0,,,,0,0,0,,,,,,0.804,0.41,0.723,0.241,,,,,,,,,,0,,
20260629_134450_ours_B.json,?,real,,ours,,reached,85.11,15.01,0.42,1,0.07,,0,,,202,0,0,,,,0,0,0,,,,,,0.608,0.277,0.756,0.219,,,,,,,,,,0,,
20260629_135449_ours_B.json,?,real,,ours,,reached,124.23,19.05,0.32,0,0.11,,0,,,271,0,0,,,,0,0,0,,,,,,0.564,0.214,0.694,0.275,,,,,,,,,,0,,
20260629_144821_ours_B.json,?,real,,ours,,reached,123.34,16.41,0.38,1,0.07,,0,,,268,0,0,,,,0,0,0,,,,,,0.505,0.204,0.745,0.213,,,,,,,,,,0,,
20260629_145505_ours_A.json,?,real,,ours,,aborted,70.99,282.32,,0,0.08,,0,,,,0,0,,,,0,0,0,,,,,,0.499,0.11,0.65,0.18,,,,,,,,,,28,,
20260629_150630_ours_B.json,?,real,,ours,,reached,79.67,12.97,0.49,0,0.18,,0,,,14,0,0,,,,0,0,0,,,,,,0.602,0.278,0.7,0.258,,,,,,,,,,0,,
20260629_151108_ours_B.json,?,real,,ours,,reached,143.28,17.18,0.37,1,0.05,,0,,,333,0,0,,,,0,0,0,,,,,,0.463,0.18,0.708,0.246,,,,,,,,,,0,,
20260630_103249_ours_B.json,?,real,,ours,,aborted,192.86,17.68,,1,0.06,0,0,,,,0,0,,,,0,0,0,,,,,,0.375,0.086,0.783,0.178,,,,,,,,,,0,,
20260630_110849_ours_B.json,default,real,,ours,,aborted,87.29,11.46,,0,0.13,0,0,,,,0,0,,,,0,0,0,,,,,,0.493,0.12,0.755,0.21,,,,,,,,,,0,,
20260630_111207_ours_B.json,default,real,,ours,,aborted,40.9,4.14,,0,0.44,0,0,,,,0,0,,,,0,0,0,,,,,,0.533,0.064,0.754,0.202,,,,,,,,,,0,,
20260630_112304_ours_B.json,default,real,,ours,,aborted,59.86,7.12,,0,0.28,0,0,,,,0,0,,,,0,0,0,,,,,,0.488,0.062,0.789,0.194,,,,,,,,,,0,,
20260630_112937_ours_B.json,default,real,,ours,,aborted,26.05,3.32,,0,0.38,0,0,,,,0,0,,,,0,0,0,,,,,,0.504,0.141,0.755,0.232,,,,,,,,,,0,,
20260630_113829_ours_B.json,default,real,,ours,,aborted,28.26,3.14,,0,0.26,0,0,,,,0,0,,,,0,0,0,,,,,,0.431,0.034,0.788,0.193,,,,,,,,,,0,,
20260630_114346_ours_B.json,default,real,,ours,,aborted,19.21,2.5,,0,0.23,0,0,,,,0,0,,,,0,0,0,,,,,,0.429,0.207,0.692,0.294,,,,,,,,,,0,,
20260630_114524_ours_B.json,default,real,,ours,,aborted,77.0,8.77,,0,0.05,0,0,,,,0,0,,,,0,0,0,,,,,,0.285,0.113,0.795,0.191,,,,,,,,,,0,,
20260630_115405_ours_B.json,default,real,,ours,,aborted,68.45,8.37,,0,0.09,0,0,,,,0,0,,,,0,0,0,,,,,,0.307,0.125,0.826,0.158,,,,,,,,,,0,,
20260630_133514_ours_B.json,?,real,,ours,,aborted,41.12,4.71,,0,0.09,,0,,,,0,0,,,,0,0,0,,,,,,0.373,0.087,0.813,0.174,,,,,,,,,,0,,
20260630_134458_ours_B.json,?,real,,ours,,aborted,300.72,582.48,,2,0.05,,0,,,,0,0,,,,0,0,0,,,,,,0.37,0.111,0.712,0.196,,,,,,,,,,78,,
20260630_135819_ours_B.json,?,real,,ours,,aborted,236.72,25.94,,8,0.05,,0,,,,0,0,,,,0,0,0,,,,,,0.267,0.122,0.731,0.189,,,,,,,,,,0,,
20260701_160531_ours_B.json,?,real,,ours,,aborted,18.23,3.38,,0,0.22,,0,,,,0,0,,,,0,0,0,,,,,,0.689,0.305,0.693,0.294,,,,,,,,,,0,,
20260701_160802_ours_B.json,?,real,,ours,,aborted,169.1,15.1,,0,0.07,,0,,,,0,0,,,,0,0,0,,,,,,0.347,0.065,0.838,0.149,,,,,,,,,,0,,
20260701_162926_ours_B.json,?,real,,ours,,aborted,300.14,30.61,,1,0.05,,0,,,,0,0,,,,0,0,0,,,,,,0.307,0.113,0.8,0.175,,,,,,,,,,0,,
20260701_164456_ours_B.json,?,real,,ours,,aborted,73.71,11.06,,2,0.24,,0,,,,0,0,,,,0,0,0,,,,,,0.686,0.218,0.616,0.379,,,,,,,,,,0,,
20260702_113327_ours_B.json,?,real,,ours,,reached,71.77,13.24,0.48,0,0.33,,0,,,179,0,0,,,,0,0,0,,,,,,0.653,0.298,0.616,0.355,1.0,0.081,2.17,30.5,27.0,234,944,538,421,0,347.3,
20260702_114603_ours_B.json,?,real,,ours,,reached,142.38,20.52,0.31,1,0.21,,0,,,320,0,0,,,,0,0,0,,,,,,0.642,0.195,0.653,0.323,1.0,0.071,2.19,31.5,35.7,295,1319,959,369,0,352.2,
20260702_115505_ours_B.json,?,real,,ours,,reached,78.32,15.51,0.41,0,0.46,,0,,,185,0,0,,,,0,0,0,,,,,,0.673,0.292,0.58,0.404,1.0,0.069,2.18,31.0,29.0,187,814,442,379,0,353.7,
20260702_115717_ours_A.json,?,real,,ours,,aborted,119.6,13.21,,1,0.25,,0,,,,0,0,,,,0,0,0,,,,,,0.549,0.093,0.646,0.259,1.0,0.077,2.17,31.7,29.8,276,875,722,197,0,355.3,
20260702_120438_ours_B.json,?,real,,ours,,reached,83.68,14.18,0.44,1,0.32,,0,,,198,0,0,,,,0,0,0,,,,,,0.666,0.273,0.549,0.438,1.0,0.063,2.17,31.6,24.8,215,910,527,417,0,347.0,
20260702_120837_ours_A.json,?,real,,ours,,reached,108.4,18.34,0.35,0,0.27,,0,,,264,0,0,,,,0,0,0,,,,,,0.707,0.235,0.564,0.381,1.0,0.071,2.17,30.9,36.7,242,962,556,406,0,348.7,
20260702_122857_ours_B.json,?,real,,ours,,reached,111.91,16.97,0.37,1,0.16,,0,,,256,0,0,,,,0,0,0,,,,,,0.629,0.234,0.598,0.379,1.0,0.07,2.2,31.5,31.2,254,974,625,382,0,350.8,
20260702_123315_ours_A.json,?,real,,ours,,aborted,153.45,17.84,,4,0.19,,0,,,,0,0,,,,0,0,0,,,,,,0.426,0.115,0.701,0.192,1.0,0.09,2.24,31.6,37.8,299,869,660,248,0,352.2,
20260702_123933_ours_B.json,?,real,,ours,,aborted,120.3,15.69,,1,0.21,,0,,,,0,0,,,,0,0,0,,,,,,0.51,0.171,0.661,0.314,1.0,0.083,2.23,31.3,33.7,263,1053,772,404,0,355.2,
20260702_125209_ours_B.json,?,real,,ours,,aborted,56.68,7.59,,0,0.19,,0,,,,0,0,,,,0,0,0,,,,,,0.492,0.164,0.77,0.223,1.0,0.062,2.21,30.3,43.3,115,586,219,382,0,351.4,
20260702_130231_ours_B.json,?,real,,ours,,reached,84.11,13.01,0.49,0,0.21,,0,,,174,0,0,,,,0,0,0,,,,,,0.535,0.279,0.674,0.307,1.0,0.064,2.17,31.9,21.1,254,979,588,455,0,359.3,
20260702_130524_ours_A.json,?,real,,ours,,aborted,56.77,5.95,,0,0.26,,0,,,,0,0,,,,0,0,0,,,,,,0.4,0.068,0.785,0.105,0.844,0.06,2.16,31.7,54.4,218,571,366,218,0,348.6,
20260702_142725_ours_B.json,?,real,,ours,,reached,70.29,11.68,0.53,0,0.38,,0,,,163,0,0,,,,0,0,0,,,,,,0.639,0.302,0.61,0.347,1.0,0.064,2.17,31.1,17.1,75,812,388,447,0,359.8,
20260702_143039_ours_A.json,?,real,,ours,,aborted,54.35,7.67,,1,0.3,,0,,,,0,0,,,,0,0,0,,,,,,0.565,0.113,0.71,0.197,0.771,0.059,2.19,31.0,49.1,49,422,246,192,0,358.3,
20260702_143511_ours_B.json,?,real,,ours,,aborted,42.47,8.34,,0,0.34,,0,,,,0,0,,,,0,0,0,,,,,,0.742,0.344,0.687,0.297,1.0,0.072,2.18,31.1,34.8,49,554,202,369,0,347.1,
20260702_143646_ours_B.json,?,real,,ours,,aborted,67.41,11.57,,0,0.45,,0,,,,0,0,,,,0,0,0,,,,,,0.676,0.248,0.658,0.335,1.0,0.065,2.25,30.7,31.6,56,676,312,393,0,354.6,
20260702_144028_ours_B.json,?,real,,ours,,aborted,25.63,3.76,,0,0.53,,0,,,,0,0,,,,0,0,0,,,,,,0.879,0.139,0.745,0.249,1.0,0.058,2.19,30.9,55.6,1,342,52,290,0,351.4,
20260702_144720_ours_B.json,?,real,,ours,,aborted,41.66,7.74,,1,0.28,,0,,,,0,0,,,,0,0,0,,,,,,0.674,0.347,0.746,0.248,1.0,0.062,2.17,30.8,21.5,30,556,172,384,0,356.8,
20260702_145010_ours_B.json,?,real,,ours,,reached,87.02,13.97,0.45,0,0.38,,0,,,199,0,0,,,,0,0,0,,,,,,0.615,0.262,0.622,0.357,1.0,0.064,2.17,30.9,26.9,99,933,544,418,0,361.4,
20260702_145306_ours_A.json,?,real,,ours,,aborted,140.92,16.66,,1,0.18,,0,,,,0,0,,,,0,0,0,,,,,,0.501,0.104,0.722,0.168,0.861,0.063,2.2,31.2,50.3,145,770,562,211,0,354.9,
20260702_150212_ours_B.json,?,real,,ours,,reached,124.99,17.01,0.38,1,0.24,,0,,,252,0,0,,,,0,0,0,,,,,,0.555,0.202,0.693,0.287,1.0,0.066,2.15,32.3,30.0,117,1149,823,393,0,353.0,
20260702_150440_ours_A.json,?,real,,ours,,aborted,65.68,8.03,,2,0.11,,0,,,,0,0,,,,0,0,0,,,,,,0.431,0.15,0.731,0.182,1.0,0.062,2.2,31.7,44.2,47,544,338,206,0,358.9,
20260702_152030_ours_B.json,?,real,,ours,,aborted,65.81,9.17,,1,0.22,,0,,,,0,0,,,,0,0,0,,,,,,0.689,0.236,0.686,0.302,1.0,0.056,2.13,32.4,21.4,63,703,316,408,0,349.2,
20260702_152330_ours_B.json,?,real,,ours,,reached,83.61,12.93,0.48,1,0.36,,0,,,197,0,0,,,,0,0,0,,,,,,0.762,0.26,0.567,0.399,1.0,0.065,2.18,30.3,25.0,122,901,493,443,0,356.0,
20260702_152532_ours_A.json,?,real,,ours,,reached,81.64,14.15,0.42,1,0.25,,0,,,181,0,0,,,,0,0,0,,,,,,0.82,0.262,0.622,0.308,1.0,0.062,2.18,31.5,37.3,79,616,245,371,0,351.4,
20260702_164913_ours_B.json,?,real,,ours,,reached,94.53,13.5,0.46,1,0.26,,0,,,219,0,0,,,,0,0,0,,,,,,0.697,0.236,0.649,0.336,1.0,0.054,2.19,30.4,18.2,105,892,555,378,0,373.1,
20260702_170941_ours_B.json,?,real,,ours,,aborted,61.37,9.36,,1,0.2,,0,,,,0,0,,,,0,0,0,,,,,,0.695,0.26,0.646,0.333,1.0,0.056,2.18,31.1,25.4,69,650,266,388,0,357.8,
20260702_171431_ours_B.json,?,real,,ours,,reached,87.75,13.2,0.47,2,0.19,,0,,,186,0,0,,,,0,0,0,,,,,,0.711,0.255,0.605,0.384,1.0,0.055,2.15,31.8,14.6,120,849,505,376,0,355.8,
20260702_172840_ours_B.json,?,real,,ours,,aborted,70.02,10.61,,2,0.24,,0,,,,0,0,,,,0,0,0,,,,,,0.761,0.235,0.624,0.357,1.0,0.05,2.19,30.8,23.1,57,720,373,385,0,354.4,
20260702_173252_ours_B.json,?,real,,ours,,aborted,28.18,6.15,,0,0.56,,0,,,,0,0,,,,0,0,0,,,,,,0.78,0.415,0.828,0.169,1.0,0.05,2.21,29.5,14.8,27,445,112,333,0,369.2,
20260702_173422_ours_B.json,?,real,,ours,,aborted,34.34,7.17,,1,0.38,,0,,,,0,0,,,,0,0,0,,,,,,0.865,0.416,0.53,0.45,1.0,0.049,2.19,28.3,16.0,42,498,158,347,0,354.5,
20260702_174404_ours_B.json,?,real,,ours,,reached,102.36,14.99,0.43,0,0.43,,0,,,249,0,0,,,,0,0,0,,,,,,0.835,0.236,0.621,0.365,1.0,0.061,2.17,31.7,26.4,139,900,556,386,0,352.4,
20260702_174752_ours_B.json,?,real,,ours,,reached,66.45,11.59,0.55,0,0.55,,0,,,157,0,0,,,,0,0,0,,,,,,0.87,0.317,0.63,0.313,1.0,0.072,2.18,31.0,19.5,110,838,380,458,0,352.1,
20260702_175055_ours_A.json,?,real,,ours,,reached,93.86,13.93,0.43,0,0.56,,0,,,213,0,0,,,,0,0,0,,,,,,0.848,0.225,0.605,0.29,1.0,0.069,2.12,31.2,25.2,113,717,338,379,0,355.3,
20260703_093510_ours_B.json,?,real,,ours,,aborted,10.81,2.62,,0,0.9,,0,,,,0,0,,,1,4,0,0,0.0,0.0,38.7,0.184,0.786,0.987,0.473,0.774,0.197,1.0,0.057,2.23,25.8,22.6,5,304,32,272,0,377.2,
20260703_093703_ours_B.json,?,real,,ours,,reached,54.92,10.42,0.6,0,0.46,,0,,,133,0,0,,,1,3,0,8,16.4,0.0,68.4,0.27,0.76,0.832,0.356,0.736,0.253,1.0,0.054,2.16,31.4,15.7,93,688,260,428,0,352.9,
20260703_093841_ours_A.json,?,real,,ours,,reached,71.73,12.84,0.49,1,0.24,,0,,,144,0,0,,,1,2,0,7,40.9,0.0,68.7,0.427,0.54,0.75,0.303,0.607,0.309,1.0,0.061,2.15,32.0,26.0,102,731,329,402,0,349.1,
20260703_095751_ours_B.json,?,real,,ours,,reached,71.63,11.76,0.54,0,0.49,,0,,,170,0,0,,,1,1,0,11,32.1,0.0,83.0,0.343,0.644,0.822,0.294,0.612,0.375,1.0,0.056,2.18,30.7,22.2,101,799,411,396,0,352.0,
20260703_095924_ours_A.json,?,real,,ours,,reached,108.24,15.67,0.39,0,0.56,,0,,,256,0,0,,,1,3,0,7,49.9,0.0,87.7,0.434,0.512,0.825,0.219,0.578,0.329,1.0,0.066,2.15,30.7,24.3,134,897,507,390,0,353.2,
20260703_100739_ours_B.json,?,real,,ours,,reached,57.08,10.31,0.61,0,0.59,,0,,,134,0,0,,,1,1,0,4,6.7,0.0,75.4,0.169,0.837,0.881,0.348,0.642,0.33,1.0,0.052,2.18,30.0,18.9,77,679,244,435,0,353.4,
20260703_100927_ours_A.json,?,real,,ours,,aborted,584.38,59.11,,3,0.14,,0,,,,0,0,,,1,1,21,77,67.8,13.9,98.5,0.681,0.238,0.486,0.078,0.661,0.216,1.0,0.068,2.2,31.2,38.6,767,2621,2361,284,0,360.9,
20260703_123318_ours_B.json,?,sim,room_v1,ours,,aborted,3.92,0.36,,0,0.82,,0,,,,0,0,0,0,,0,0,0,,,,,,0.911,0.0,0.666,0.358,1.0,0.071,3.89,58.3,97.2,8,131,0,131,0,124.5,
20260703_124347_ours_B.json,?,sim,room_v1,ours,,aborted,6.6,0.91,,0,2.33,,0,,,,0,0,0,0,,0,0,0,,,,,,1.0,0.317,0.952,0.047,0.072,0.049,4.0,55.7,55.7,8,136,2,136,0,126.3,
20260703_124655_ours_B.json,?,sim,room_v1,ours,,aborted,2.51,0.31,,0,2.16,,0,,,,0,0,0,0,,0,0,0,,,,,,1.0,0.38,0.94,0.061,0.097,0.043,3.9,56.5,4.3,0,134,0,134,0,126.0,
20260703_124834_ours_B.json,?,sim,room_v1,ours,,aborted,0.22,0.0,,0,2.3,,0,,,,0,0,0,0,,0,0,0,,,,,,1.0,0.0,1.0,0.0,0.0,0.0,0.0,50.0,0.0,0,133,0,133,0,111.5,
20260703_135307_ours_B.json,?,sim,lab_v1,ours,,aborted,96.17,4.85,,8,0.17,,0,,,,0,0,0,0,,0,0,0,,,,,,0.472,0.09,0.884,0.117,0.591,0.052,3.63,62.8,47.7,47,419,188,250,0,111.5,
20260703_141733_ours_B.json,?,sim,lab_v1,ours,,aborted,20.16,0.42,,2,0.17,,0,,,,0,0,0,0,,0,0,0,,,,,,0.466,0.006,0.504,0.34,1.0,0.177,3.92,58.4,29.5,63,700,363,371,0,114.1,
20260703_142356_ours_B.json,?,sim,lab_v1,ours,,aborted,126.22,5.27,,11,0.22,,0,,,,0,0,0,0,,0,0,0,,,,,,0.48,0.075,0.89,0.111,0.63,0.057,3.58,63.5,51.1,61,473,222,251,0,112.4,
20260703_165750_ours_B.json,?,sim,lab_v1,ours,,reached,75.54,7.62,0.82,0,0.51,,0,,,0,0,0,0,0,,0,0,0,,,,,,0.734,0.262,0.879,0.12,0.788,0.027,3.64,58.9,20.1,76,476,215,275,0,111.8,
20260703_170306_ours_B.json,?,sim,lab_v1,ours,,reached,81.23,7.72,0.81,0,0.5,,0,,,0,0,0,0,0,,0,0,0,,,,,,0.729,0.247,0.89,0.11,0.788,0.03,3.31,59.6,23.8,78,460,216,264,0,111.6,
20260703_181212_ours_B.json,?,sim,lab_v1,ours,,reached,77.12,7.63,0.82,0,0.72,,0,,,0,0,0,0,0,,0,0,0,,,,,,0.811,0.257,0.893,0.107,0.567,0.028,3.49,58.7,20.5,56,474,206,268,0,115.8,
20260703_182620_ours_B.json,?,sim,lab_v1,ours,,reached,83.36,7.89,0.79,0,0.51,,0,,,0,0,0,0,0,,0,0,0,,,,,,0.705,0.242,0.894,0.106,0.59,0.03,3.32,58.9,23.4,81,498,233,275,0,117.4,
20260703_182859_ours_B.json,?,sim,lab_v1,ours,,reached,77.07,7.64,0.82,0,0.51,,0,,,0,0,0,0,0,,0,0,0,,,,,,0.729,0.257,0.893,0.107,0.573,0.026,3.54,58.5,20.2,72,476,225,253,0,116.3,
20260703_190119_ours_B.json,?,sim,lab_v1,ours,,reached,75.36,7.68,0.81,0,0.52,,0,,,0,0,0,0,0,,0,0,0,,,,,,0.721,0.262,0.886,0.114,0.575,0.027,3.53,59.0,20.6,67,493,221,279,0,112.4,
20260703_190412_ours_B.json,?,sim,lab_v1,ours,,reached,81.7,7.71,0.81,0,0.5,,0,,,0,0,0,0,0,,0,0,0,,,,,,0.705,0.245,0.891,0.109,0.576,0.027,3.34,59.3,23.8,68,473,234,267,0,114.4,
20260704_101456_ours_B.json,?,sim,lab_v1_payload_base,ours,,reached,90.98,7.61,0.82,0,0.51,,4,5.165,12.1,0,0,0,0,0,,0,0,0,,,,,,0.709,0.219,0.91,0.09,0.585,0.025,3.24,58.2,22.1,72,473,236,258,0,114.2,
20260704_101641_ours_B.json,?,sim,lab_v1_payload_meta2,ours,,aborted_meta2_help,162.8,7.79,,1,0.21,,4,11.115,3.5,,0,0,2,569,1,0,0,5,39.1,0.0,100.0,0.513,0.493,0.644,0.121,0.86,0.128,0.614,0.029,3.53,59.4,34.5,85,562,445,252,0,114.6,
20260704_102315_ours_B.json,?,sim,lab_v1_payload_base,ours,,reached,75.43,7.68,0.81,0,0.51,,1,0.326,7.7,0,0,0,0,0,,0,0,0,,,,,,0.716,0.262,0.894,0.105,0.582,0.025,3.49,58.7,20.6,64,464,209,260,0,109.8,
20260704_102443_ours_B.json,?,sim,lab_v1_payload_meta2,ours,,reached,102.29,7.59,0.82,0,0.51,,0,0.0,0.2,0,0,0,2,515,1,0,0,4,13.3,0.0,100.0,0.249,0.742,0.72,0.196,0.909,0.091,0.448,0.023,3.26,58.8,19.7,73,458,222,244,0,110.1,
20260704_102638_ours_B.json,?,sim,lab_v1_payload_base,ours,,reached,75.14,7.61,0.82,0,0.52,,1,0.526,6.9,0,0,0,0,0,,0,0,0,,,,,,0.74,0.262,0.891,0.109,0.591,0.027,3.42,58.8,20.2,65,458,208,259,0,109.9,
20260704_102807_ours_B.json,?,sim,lab_v1_payload_meta2,ours,,reached,101.64,7.62,0.82,0,0.51,,0,0.0,0.2,0,0,0,2,509,1,0,0,4,13.3,0.0,100.0,0.252,0.735,0.731,0.196,0.908,0.09,0.556,0.029,3.34,58.5,20.0,72,490,249,253,0,111.0,
20260704_103002_ours_B.json,?,sim,lab_v1_payload_base,ours,,reached,81.22,7.79,0.8,0,0.51,,0,0.257,9.6,0,0,0,0,0,,0,0,0,,,,,,0.715,0.246,0.887,0.114,0.57,0.033,3.32,58.9,24.1,73,488,236,269,0,110.3,
20260704_103137_ours_B.json,?,sim,lab_v1_payload_meta2,ours,,reached,102.37,7.64,0.82,0,0.51,,0,0.0,0.3,0,0,0,2,515,1,0,0,5,13.6,0.0,100.0,0.268,0.712,0.728,0.195,0.908,0.091,0.559,0.027,3.2,58.9,20.2,77,489,262,244,0,110.6,
20260704_103332_ours_B.json,?,sim,lab_v1_payload_base,ours,,reached,75.51,7.63,0.82,0,0.49,,0,1.182,10.2,0,0,0,0,0,,0,0,0,,,,,,0.721,0.261,0.894,0.107,0.57,0.029,3.44,58.8,20.5,66,477,212,273,0,109.9,
20260704_103500_ours_B.json,?,sim,lab_v1_payload_meta2,ours,,reached,102.59,7.57,0.82,0,0.49,,0,0.0,0.2,0,0,0,2,516,1,0,0,5,13.3,0.0,100.0,0.237,0.739,0.736,0.195,0.916,0.084,0.587,0.024,3.33,58.3,20.4,75,482,236,256,0,111.6,
20260704_103655_ours_B.json,?,sim,lab_v1_payload_base,ours,,reached,93.1,7.68,0.81,0,0.51,,0,0.3,8.9,0,0,0,0,0,,0,0,0,,,,,,0.693,0.213,0.906,0.094,0.478,0.025,3.24,58.0,22.1,70,491,264,253,0,114.3,
20260704_103842_ours_B.json,?,sim,lab_v1_payload_meta2,ours,,reached,114.14,7.54,0.83,0,0.53,,0,0.0,1.0,0,0,0,2,573,1,0,0,5,12.9,0.0,100.0,0.288,0.717,0.756,0.174,0.919,0.08,0.599,0.022,3.21,57.8,17.8,77,499,271,240,0,115.0,
20260704_104049_ours_B.json,?,sim,lab_v1_payload_base,ours,,reached,89.18,7.7,0.81,0,0.5,,0,0.715,9.3,0,0,0,0,0,,0,0,0,,,,,,0.71,0.223,0.898,0.101,0.583,0.027,3.2,58.1,22.4,70,498,241,265,0,114.9,
20260704_104232_ours_B.json,?,sim,lab_v1_payload_meta2,ours,,reached,112.2,7.54,0.83,0,0.51,,0,0.0,0.6,0,0,0,2,564,1,0,0,2,14.3,0.0,100.0,0.282,0.728,0.756,0.178,0.917,0.082,0.583,0.022,3.26,57.4,18.4,77,513,276,244,0,115.7,
20260704_104437_ours_B.json,?,sim,lab_v1_payload_base,ours,,reached,89.14,7.67,0.81,0,0.52,,1,0.26,8.4,0,0,0,0,0,,0,0,0,,,,,,0.703,0.223,0.898,0.101,0.51,0.025,3.25,57.8,22.5,80,490,257,250,0,115.2,
20260704_104620_ours_B.json,?,sim,lab_v1_payload_meta2,ours,,reached,114.04,7.55,0.83,0,0.51,,0,0.0,0.7,0,0,0,2,567,1,0,0,4,12.3,0.0,100.0,0.302,0.705,0.737,0.175,0.919,0.08,0.596,0.023,3.21,57.5,18.6,73,507,276,251,0,115.7,
20260704_104827_ours_B.json,?,sim,lab_v1_payload_base,ours,,reached,88.86,7.56,0.82,0,0.5,,1,0.353,3.8,0,0,0,0,0,,0,0,0,,,,,,0.706,0.224,0.906,0.094,0.59,0.028,3.2,57.8,22.1,74,500,256,263,0,115.3,
20260704_105008_ours_B.json,?,sim,lab_v1_payload_meta2,ours,,reached,114.03,7.65,0.81,0,0.54,,0,0.0,0.2,0,0,0,2,558,1,1,0,5,12.2,0.0,94.6,0.31,0.706,0.743,0.175,0.918,0.08,0.591,0.024,3.2,57.5,19.1,78,517,296,243,0,115.6,
20260704_105240_ours_B.json,?,sim,lab_v1_payload_conserv,ours,,aborted_meta2_help,236.65,7.91,,2,0.22,,0,0.0,0.5,,0,0,2,556,1,0,0,4,60.0,0.0,100.0,0.537,0.395,0.572,0.084,0.822,0.164,0.672,0.04,3.52,60.9,47.3,106,618,492,251,0,114.5,
20260704_105650_ours_B.json,?,sim,lab_v1_payload_wrongprior,ours,,reached,100.72,7.55,0.82,0,0.5,,0,0.016,0.5,0,0,0,2,495,1,1,0,4,13.5,0.0,96.3,0.279,0.728,0.733,0.198,0.91,0.089,0.573,0.027,3.26,58.9,20.3,79,503,268,252,0,110.3,
20260704_105843_ours_B.json,?,sim,lab_v1_payload_conserv,ours,,reached,101.95,7.64,0.82,0,0.5,,0,0.0,0.6,0,0,0,2,521,1,0,0,6,15.2,0.0,100.0,0.238,0.738,0.736,0.196,0.906,0.093,0.514,0.024,3.25,58.9,20.1,78,454,225,242,0,110.0,
20260704_110038_ours_B.json,?,sim,lab_v1_payload_wrongprior,ours,,reached,75.26,7.66,0.81,0,0.5,,1,0.32,5.4,0,0,0,2,0,,0,0,0,,,,,,0.712,0.262,0.89,0.111,0.586,0.031,3.52,58.6,20.5,70,460,210,261,0,109.7,
20260704_110206_ours_B.json,?,sim,lab_v1_payload_conserv,ours,,aborted_meta2_help,237.48,7.62,,2,0.24,,1,0.782,0.8,,0,0,2,549,1,0,0,4,59.3,0.0,100.0,0.504,0.407,0.583,0.084,0.852,0.129,0.796,0.039,3.41,60.7,45.5,101,602,473,245,0,113.9,
20260704_110618_ours_B.json,?,sim,lab_v1_payload_wrongprior,ours,,reached,106.8,7.67,0.81,0,0.52,,0,0.0,1.0,0,0,0,2,506,1,1,0,5,13.6,0.0,93.9,0.286,0.716,0.737,0.187,0.913,0.086,0.592,0.024,3.25,58.3,19.4,74,503,274,246,0,114.5,
20260704_110817_ours_B.json,?,sim,lab_v1_payload_conserv,ours,,reached,101.88,7.74,0.81,0,0.5,,0,0.0,0.1,0,0,0,2,524,1,0,0,5,17.6,0.0,100.0,0.249,0.726,0.733,0.196,0.913,0.087,0.573,0.025,3.28,58.7,19.9,71,471,242,238,0,110.8,
20260704_111012_ours_B.json,?,sim,lab_v1_payload_wrongprior,ours,,reached,100.78,7.66,0.81,0,0.5,,0,0.0,0.6,0,0,0,2,490,1,1,0,4,13.1,0.0,96.3,0.279,0.734,0.737,0.198,0.911,0.088,0.576,0.025,3.21,58.8,20.0,68,499,273,257,0,111.0,
20260704_111204_ours_B.json,?,sim,lab_v1_payload_conserv,ours,,reached,101.99,7.58,0.82,0,0.5,,0,0.0,0.5,0,0,0,2,516,1,0,0,6,15.1,0.0,100.0,0.235,0.745,0.736,0.196,0.914,0.086,0.585,0.022,3.25,58.7,19.8,71,459,224,244,0,112.2,
20260704_111359_ours_B.json,?,sim,lab_v1_payload_wrongprior,ours,,reached,113.74,7.55,0.83,0,0.52,,0,0.0,0.5,0,0,0,2,562,1,1,0,5,13.1,0.0,96.6,0.278,0.718,0.742,0.175,0.921,0.078,0.594,0.023,3.2,57.9,18.6,79,533,304,253,0,114.9,
20260704_111606_ours_B.json,?,sim,lab_v1_payload_conserv,ours,,aborted_meta2_help,238.31,8.14,,3,0.2,,0,0.0,0.9,,0,0,2,611,1,0,0,6,58.6,0.0,100.0,0.515,0.413,0.607,0.086,0.836,0.144,0.653,0.037,3.21,60.9,46.9,113,611,495,243,0,114.5,
20260704_112018_ours_B.json,?,sim,lab_v1_payload_wrongprior,ours,,reached,111.86,7.52,0.83,0,0.52,,0,0.0,1.0,0,0,0,2,546,1,1,0,5,12.5,0.0,96.6,0.273,0.73,0.74,0.178,0.921,0.078,0.584,0.02,3.21,57.7,18.3,80,494,275,237,0,115.4,
20260704_112223_ours_B.json,?,sim,lab_v1_payload_conserv,ours,,reached,112.41,7.66,0.81,0,0.5,,0,0.0,0.7,0,0,0,2,567,1,0,0,6,13.0,0.0,100.0,0.28,0.721,0.748,0.177,0.917,0.083,0.594,0.024,3.24,57.6,18.8,75,500,271,243,0,115.2,
20260704_112428_ours_B.json,?,sim,lab_v1_payload_wrongprior,ours,,reached,112.41,7.65,0.81,0,0.5,,0,0.0,0.9,0,0,0,2,561,1,0,0,3,15.2,0.0,98.5,0.278,0.727,0.748,0.177,0.915,0.085,0.591,0.023,3.3,57.4,18.9,74,498,271,238,0,115.6,
20260704_112633_ours_B.json,?,sim,lab_v1_payload_conserv,ours,,reached,112.6,7.49,0.83,0,0.51,,0,0.0,0.0,0,0,0,2,560,1,0,0,6,12.9,0.0,100.0,0.27,0.72,0.741,0.177,0.918,0.082,0.592,0.024,3.24,57.7,18.4,77,502,265,253,0,115.7,
20260704_112837_ours_B.json,?,sim,lab_v1_payload_wrongprior,ours,,reached,109.81,7.53,0.83,0,0.51,,0,0.132,0.5,0,0,0,2,508,1,1,0,4,12.2,0.0,95.0,0.294,0.729,0.74,0.181,0.92,0.079,0.591,0.023,3.25,57.6,19.4,76,510,277,247,0,115.6,
20260704_113423_ours_B.json,?,sim,lab_v1_payload_wrongdst,ours,,reached,110.11,7.52,0.83,0,0.51,,0,0.013,1.3,0,0,0,2,509,1,1,0,4,12.4,0.0,95.0,0.258,0.739,0.733,0.181,0.917,0.082,0.589,0.021,3.34,57.4,19.2,80,503,280,236,0,115.5,
20260704_113626_ours_B.json,?,sim,lab_v1_payload_wrongdst,ours,,reached,108.98,7.58,0.82,0,0.51,,0,0.0,0.5,0,0,0,2,506,1,1,0,4,12.2,0.0,95.0,0.273,0.73,0.751,0.183,0.918,0.081,0.586,0.022,3.24,57.7,18.6,73,484,258,230,0,115.6,
20260704_113829_ours_B.json,?,sim,lab_v1_payload_wrongdst,ours,,reached,109.99,7.49,0.83,0,0.51,,0,0.0,0.5,0,0,0,2,509,1,1,0,5,13.0,0.0,95.0,0.278,0.73,0.74,0.181,0.92,0.08,0.587,0.021,3.29,57.5,19.2,75,480,267,227,0,115.4,
20260704_114032_ours_B.json,?,sim,lab_v1_payload_wrongdst,ours,,reached,111.85,7.63,0.82,0,0.51,,0,0.0,0.3,0,0,0,2,548,1,1,0,6,13.9,0.0,96.6,0.288,0.726,0.758,0.178,0.917,0.082,0.58,0.023,3.21,57.6,18.8,74,517,277,246,0,115.7,
20260704_114237_ours_B.json,?,sim,lab_v1_payload_wrongdst,ours,,reached,111.86,7.54,0.83,0,0.52,,0,0.0,0.4,0,0,0,2,544,1,1,0,5,12.5,0.0,96.6,0.286,0.714,0.735,0.178,0.916,0.084,0.596,0.021,3.25,57.7,19.0,74,496,270,244,0,115.2,
20260704_114442_ours_B.json,?,sim,lab_v1_payload_wrongdst,ours,,reached,109.03,7.5,0.83,0,0.51,,0,0.0,0.6,0,0,0,2,506,1,1,0,5,13.8,0.0,95.0,0.287,0.723,0.732,0.183,0.917,0.083,0.597,0.022,3.25,57.6,19.6,78,497,273,239,0,115.3,
20260704_114645_ours_B.json,?,sim,lab_v1_payload_wrongdst,ours,,reached,110.37,7.47,0.83,0,0.51,,0,0.0,1.5,0,0,0,2,523,1,2,0,5,12.2,0.0,92.3,0.276,0.729,0.754,0.181,0.92,0.079,0.59,0.023,3.35,57.3,19.2,80,517,291,241,0,115.7,
20260704_114848_ours_B.json,?,sim,lab_v1_payload_wrongdst,ours,,reached,112.27,7.56,0.82,0,0.49,,0,0.0,0.3,0,0,0,2,556,1,1,0,4,12.2,0.0,97.5,0.274,0.728,0.738,0.178,0.92,0.08,0.59,0.023,3.25,57.5,19.1,77,511,283,245,0,115.6,
20260704_115053_ours_B.json,?,sim,lab_v1_payload_conservfix,ours,,reached,111.86,7.53,0.83,0,0.52,,0,0.0,0.7,0,0,0,0,0,,0,0,0,,,,,,0.74,0.178,0.917,0.082,0.588,0.023,3.16,57.9,18.4,76,490,264,244,0,115.1,
20260704_115258_ours_B.json,?,sim,lab_v1_payload_wrongprior,ours,,reached,109.56,7.51,0.83,0,0.51,,0,0.0,0.2,0,0,0,2,505,1,1,0,4,13.1,0.0,95.0,0.272,0.72,0.727,0.182,0.919,0.08,0.592,0.021,3.21,57.7,19.2,79,485,265,237,0,115.5,
20260704_115501_ours_B.json,?,sim,lab_v1_payload_conservfix,ours,,reached,112.73,7.69,0.81,0,0.5,,0,0.0,0.7,0,0,0,0,0,,0,0,0,,,,,,0.746,0.177,0.917,0.081,0.595,0.021,3.25,57.6,18.1,77,506,283,245,0,115.4,
20260704_115706_ours_B.json,?,sim,lab_v1_payload_conservfix,ours,,reached,112.45,7.68,0.81,0,0.52,,0,0.0,0.8,0,0,0,0,0,,0,0,0,,,,,,0.74,0.178,0.92,0.079,0.588,0.021,3.33,57.4,17.8,73,495,265,243,0,115.1,
20260704_115911_ours_B.json,?,sim,lab_v1_payload_conservfix,ours,,reached,111.56,7.64,0.82,0,0.52,,0,0.002,0.7,0,0,0,0,0,,0,0,0,,,,,,0.741,0.178,0.916,0.083,0.59,0.022,3.29,57.5,17.7,74,467,238,242,0,115.3,
20260704_120116_ours_B.json,?,sim,lab_v1_payload_conservfix,ours,,reached,113.82,7.73,0.81,0,0.53,,0,0.0,0.5,0,0,0,0,0,,0,0,0,,,,,,0.754,0.175,0.919,0.08,0.584,0.019,3.21,57.8,18.3,73,501,275,243,0,115.2,
20260704_120323_ours_B.json,?,sim,lab_v1_payload_conservfix,ours,,reached,106.94,7.48,0.83,0,0.52,,0,0.0,1.0,0,0,0,0,0,,0,0,0,,,,,,0.781,0.184,0.917,0.083,0.617,0.019,3.43,57.1,14.4,71,482,251,241,0,115.5,
20260704_120522_ours_B.json,?,sim,lab_v1_payload_conservfix,ours,,reached,112.75,7.52,0.83,0,0.49,,0,0.016,1.6,0,0,0,0,0,,0,0,0,,,,,,0.753,0.176,0.919,0.08,0.588,0.02,3.29,57.5,17.8,78,491,272,236,0,115.6,
20260704_120727_ours_B.json,?,sim,lab_v1_payload_conservfix,ours,,reached,104.12,7.64,0.82,0,0.5,,0,0.0,0.6,0,0,0,0,0,,0,0,0,,,,,,0.743,0.192,0.909,0.089,0.587,0.026,3.33,58.6,19.2,76,485,253,242,0,112.8,
20260704_120924_ours_B.json,?,sim,lab_v1_lidclosed_base,ours,,reached,75.66,7.65,0.81,0,0.51,,0,0.348,7.5,0,0,0,0,0,,0,0,0,,,,,,0.716,0.26,0.89,0.108,0.57,0.03,3.53,58.6,20.8,69,469,215,254,0,110.4,
20260704_121053_ours_B.json,?,sim,lab_v1_lidclosed_meta2,ours,,reached,100.41,7.74,0.81,0,0.49,,0,0.0,0.4,0,0,0,2,492,1,1,0,4,12.6,0.0,96.3,0.245,0.758,0.752,0.199,0.911,0.089,0.575,0.028,3.26,58.8,20.0,76,482,244,246,0,110.5,
20260704_121245_ours_B.json,?,sim,lab_v1_lidclosed_base,ours,,reached,90.08,7.69,0.81,0,0.52,,1,0.347,5.4,0,0,0,0,0,,0,0,0,,,,,,0.703,0.221,0.899,0.101,0.518,0.028,3.25,58.3,22.7,72,502,276,255,0,114.4,
20260704_121428_ours_B.json,?,sim,lab_v1_lidclosed_meta2,ours,,aborted_meta2_help,235.77,7.94,,3,0.23,,0,0.061,1.7,,0,0,2,514,1,1,0,6,59.3,0.0,97.4,0.512,0.414,0.581,0.086,0.842,0.141,0.693,0.037,3.33,60.6,47.0,103,617,493,231,0,114.3,
20260704_121838_ours_B.json,?,sim,lab_v1_lidclosed_base,ours,,reached,89.83,7.5,0.83,0,0.51,,0,0.282,14.6,0,0,0,0,0,,0,0,0,,,,,,0.749,0.222,0.907,0.092,0.637,0.024,3.32,57.8,20.9,74,493,247,264,0,114.7,
20260704_122021_ours_B.json,?,sim,lab_v1_lidclosed_meta2,ours,,reached,113.86,7.57,0.82,0,0.54,,0,0.0,1.2,0,0,0,2,542,1,1,0,5,11.6,0.0,96.1,0.292,0.722,0.739,0.174,0.923,0.077,0.59,0.024,3.25,57.5,18.4,73,500,280,239,0,114.9,
20260704_122228_ours_B.json,?,sim,lab_v1_lidclosed_base,ours,,reached,89.75,7.62,0.82,0,0.52,,0,0.347,12.5,0,0,0,0,0,,0,0,0,,,,,,0.705,0.222,0.908,0.092,0.579,0.026,3.34,57.8,22.3,70,494,254,260,0,114.8,
20260704_122411_ours_B.json,?,sim,lab_v1_lidclosed_meta2,ours,,reached,116.01,7.55,0.82,0,0.51,,0,0.0,1.3,0,0,0,2,577,1,1,0,5,12.8,0.0,96.2,0.299,0.711,0.737,0.172,0.916,0.083,0.598,0.021,3.23,57.6,18.5,77,523,298,245,0,114.8,
20260704_122620_ours_B.json,?,sim,lab_v1_lidclosed_base,ours,,reached,92.27,7.71,0.81,0,0.52,,0,0.649,13.3,0,0,0,0,0,,0,0,0,,,,,,0.706,0.215,0.904,0.096,0.519,0.026,3.31,58.0,22.7,74,479,236,260,0,114.5,
20260704_122805_ours_B.json,?,sim,lab_v1_lidclosed_meta2,ours,,reached,115.85,7.5,0.83,0,0.51,,0,0.0,0.4,0,0,0,2,571,1,1,0,3,14.1,0.0,96.7,0.287,0.713,0.752,0.172,0.919,0.08,0.593,0.02,3.25,57.6,18.6,77,506,275,244,0,114.8,
20260704_123014_ours_B.json,?,sim,lab_v1_lidclosed_base,ours,,reached,90.78,7.6,0.82,0,0.51,,0,0.148,10.1,0,0,0,0,0,,0,0,0,,,,,,0.715,0.219,0.902,0.096,0.594,0.028,3.3,58.0,22.3,73,523,274,274,0,115.0,
20260704_123157_ours_B.json,?,sim,lab_v1_lidclosed_meta2,ours,,aborted_meta2_help,237.42,8.3,,3,0.21,,0,0.0,1.1,,0,0,2,605,1,1,0,5,57.5,0.0,98.4,0.663,0.341,0.553,0.084,0.915,0.083,0.618,0.033,3.2,61.1,46.1,113,620,498,239,0,114.5,
20260704_123933_ours_B.json,?,sim,lab_v1_payload_wrongdstsim,ours,,reached,100.97,7.77,0.8,0,0.51,,0,0.0,0.4,0,0,0,2,498,1,1,0,5,14.0,0.0,96.3,0.233,0.773,0.738,0.198,0.908,0.092,0.583,0.026,3.24,58.9,19.8,81,484,253,242,0,110.5,
20260704_124127_ours_B.json,?,sim,lab_v1_payload_wrongdstsim,ours,,reached,113.83,7.57,0.82,0,0.49,,0,0.0,0.6,0,0,0,2,557,1,1,0,6,14.3,0.0,96.6,0.256,0.742,0.749,0.175,0.92,0.08,0.597,0.02,3.32,57.5,19.0,75,500,274,237,0,114.9,
20260704_124335_ours_B.json,?,sim,lab_v1_payload_wrongdstsim,ours,,reached,114.89,7.67,0.81,0,0.53,,0,0.0,0.6,0,0,0,2,566,1,1,0,5,12.3,0.0,96.6,0.241,0.75,0.739,0.173,0.92,0.078,0.59,0.02,3.25,57.6,18.9,72,472,252,229,0,114.9,
20260704_124542_ours_B.json,?,sim,lab_v1_payload_wrongdstsim,ours,,reached,111.43,7.55,0.82,0,0.51,,0,0.0,0.0,0,0,0,2,557,1,1,0,5,12.9,0.0,96.1,0.248,0.745,0.752,0.179,0.915,0.084,0.574,0.023,3.2,58.2,19.3,75,485,258,240,0,115.1,
20260704_124746_ours_B.json,?,sim,lab_v1_payload_wrongdstsim,ours,,reached,101.08,7.76,0.8,0,0.51,,0,0.0,0.5,0,0,0,2,499,1,1,0,6,14.5,0.0,96.3,0.233,0.762,0.735,0.198,0.906,0.094,0.588,0.03,3.24,58.7,20.4,78,505,253,252,0,110.9,
20260704_124941_ours_B.json,?,sim,lab_v1_payload_wrongdstsim,ours,,reached,100.56,7.72,0.81,0,0.5,,0,0.0,0.8,0,0,0,2,494,1,1,0,4,13.5,0.0,96.3,0.224,0.777,0.734,0.198,0.906,0.095,0.578,0.025,3.29,58.6,19.9,78,502,257,252,0,110.9,
20260704_125134_ours_B.json,?,sim,lab_v1_payload_wrongdstsim,ours,,reached,111.42,7.48,0.83,0,0.52,,0,0.0,1.0,0,0,0,2,533,1,1,0,5,13.2,0.0,96.6,0.216,0.754,0.73,0.179,0.918,0.081,0.594,0.023,3.21,58.0,18.8,76,512,279,241,0,114.5,
20260704_125339_ours_B.json,?,sim,lab_v1_payload_wrongdstsim,ours,,reached,113.07,7.6,0.82,0,0.53,,0,0.0,0.5,0,0,0,2,529,1,1,0,4,12.5,0.0,95.1,0.244,0.753,0.746,0.176,0.918,0.08,0.594,0.025,3.25,57.7,18.5,81,513,287,252,0,114.7,
20260704_125555_ours_B.json,?,sim,lab_v1_payload_wrongsim,ours,,reached,112.42,7.68,0.81,0,0.52,,0,0.0,0.1,0,0,0,2,548,1,1,0,5,13.3,0.0,96.1,0.255,0.74,0.742,0.177,0.918,0.081,0.591,0.026,3.24,58.1,19.2,75,493,261,243,0,114.5,
20260704_125800_ours_B.json,?,sim,lab_v1_lidclosed_meta2sim,ours,,reached,100.97,7.7,0.81,0,0.51,,0,0.0,0.4,0,0,0,2,492,1,1,0,4,12.9,0.0,96.3,0.214,0.795,0.739,0.198,0.912,0.088,0.576,0.023,3.34,58.5,20.0,72,465,230,248,0,110.8,
20260704_125954_ours_B.json,?,sim,lab_v1_payload_wrongsim,ours,,reached,100.95,7.61,0.82,0,0.51,,0,0.007,2.7,0,0,0,2,493,1,1,0,5,15.1,0.0,96.3,0.235,0.771,0.736,0.198,0.912,0.087,0.569,0.027,3.34,58.6,20.7,80,510,273,253,0,111.1,
20260704_130149_ours_B.json,?,sim,lab_v1_lidclosed_meta2sim,ours,,reached,101.23,7.68,0.81,0,0.49,,0,0.0,0.3,0,0,0,2,504,1,1,0,6,13.8,0.0,96.3,0.228,0.779,0.735,0.197,0.906,0.095,0.575,0.028,3.21,59.0,20.1,78,501,263,252,0,110.8,
20260704_130344_ours_B.json,?,sim,lab_v1_payload_wrongsim,ours,,reached,100.99,7.56,0.82,0,0.52,,0,0.0,0.4,0,0,0,2,494,1,1,0,5,13.9,0.0,96.3,0.231,0.768,0.734,0.198,0.908,0.092,0.569,0.025,3.33,58.6,20.1,72,478,236,251,0,110.7,
20260704_130539_ours_B.json,?,sim,lab_v1_lidclosed_meta2sim,ours,,reached,102.16,7.55,0.82,0,0.51,,0,0.0,0.8,0,0,0,2,512,1,1,0,4,12.6,0.0,97.4,0.208,0.795,0.737,0.195,0.913,0.087,0.576,0.026,3.33,58.4,20.0,80,512,277,247,0,111.5,
20260704_130734_ours_B.json,?,sim,lab_v1_payload_wrongsim,ours,,reached,115.55,7.66,0.81,0,0.52,,0,0.0,0.6,0,0,0,2,566,1,1,0,5,12.4,0.0,96.7,0.257,0.743,0.733,0.172,0.921,0.079,0.592,0.019,3.2,57.8,18.5,72,502,279,249,0,114.9,
20260704_130943_ours_B.json,?,sim,lab_v1_lidclosed_meta2sim,ours,,aborted_meta2_help,235.92,7.81,,2,0.21,,1,0.271,1.9,,0,0,2,508,1,1,0,5,59.6,0.0,97.5,0.645,0.355,0.577,0.083,0.825,0.157,0.653,0.039,3.34,61.2,48.1,100,581,466,241,0,114.3,
20260704_131352_ours_B.json,?,sim,lab_v1_payload_wrongsim,ours,,reached,101.2,7.56,0.82,0,0.49,,0,0.0,0.6,0,0,0,2,495,1,1,0,5,14.1,0.0,96.3,0.235,0.773,0.73,0.197,0.912,0.088,0.583,0.024,3.27,58.7,20.0,79,487,257,235,0,110.8,
20260704_131547_ours_B.json,?,sim,lab_v1_lidclosed_meta2sim,ours,,reached,101.1,7.78,0.8,0,0.51,,0,0.0,0.4,0,0,0,2,494,1,1,0,5,13.5,0.0,96.3,0.24,0.774,0.737,0.198,0.908,0.091,0.58,0.026,3.28,58.6,20.3,72,482,242,253,0,110.8,
20260704_131742_ours_B.json,?,sim,lab_v1_payload_wrongsim,ours,,reached,100.91,7.64,0.82,0,0.5,,0,0.0,0.9,0,0,0,2,493,1,1,0,4,13.4,0.0,96.3,0.212,0.789,0.739,0.198,0.911,0.088,0.572,0.03,3.33,58.6,20.4,84,517,261,257,0,110.7,
20260704_131937_ours_B.json,?,sim,lab_v1_lidclosed_meta2sim,ours,,reached,106.93,7.57,0.82,0,0.51,,0,0.0,0.1,0,0,0,2,501,1,1,0,5,13.4,0.0,96.4,0.236,0.768,0.723,0.186,0.918,0.082,0.584,0.024,3.25,58.1,18.8,77,489,265,236,0,114.1,
20260704_132138_ours_B.json,?,sim,lab_v1_payload_wrongsim,ours,,reached,114.24,7.55,0.83,0,0.53,,0,0.0,0.3,0,0,0,2,560,1,1,0,5,12.8,0.0,96.6,0.235,0.765,0.739,0.174,0.92,0.08,0.575,0.023,3.21,57.7,18.8,78,502,284,251,0,115.0,
20260704_132345_ours_B.json,?,sim,lab_v1_payload_wrongsim,ours,,aborted_meta2_help,236.79,7.82,,2,0.22,,1,1.793,1.1,,0,0,2,519,1,1,0,6,58.8,0.0,97.7,0.651,0.352,0.537,0.084,0.862,0.13,0.672,0.04,3.52,60.7,47.6,97,601,478,250,0,114.6,
