t,dist,holg_izq,holg_der,e_lat,e_rumbo_deg,v,w,n_front,modo,holg_verdad
0.08,0.0,0.44270475289965927,0.5388682383665194,-0.1386678290249325,0.08558008208907114,0.024,-0.25,0,vano,nan
0.17,0.0,0.44179518191591083,0.5388682383665194,-0.14010379714739224,0.09482201030265901,0.024,-0.25,0,vano,nan
0.27,0.0,0.4373065361395885,0.538279641679071,-0.14091525203306957,0.2427316743982959,0.024,-0.25,0,vano,nan
0.37,0.0,0.4416655226124533,0.537893584430532,-0.14110985130532688,0.4429277864479643,0.024,-0.25,0,vano,nan
0.47,0.002,0.44329748246920164,0.5395261812317147,-0.1408042329707216,0.7079490224626177,0.024,-0.25,0,vano,nan
0.57,0.005,0.4456261691986657,0.5395261812317147,-0.14020182927130612,1.0310727795400105,0.024,-0.25,0,vano,nan
0.98,0.015,0.45727785659604536,0.5428449047168182,-0.1339950718164793,2.8490488012053135,0.024,-0.25,0,vano,nan
1.07,0.017,0.46278379232419603,0.5752143933794959,-0.13351361643666004,3.608662841272419,0.024,-0.25,0,vano,nan
1.17,0.019,0.46508365508997696,0.5874456081620357,-0.1301104992725259,4.375131314638094,0.024,-0.25,0,vano,nan
1.27,0.021,0.46520755300566563,0.5896858510113305,-0.11843420088576807,4.538340475117007,0.024,-0.25,0,vano,nan
1.37,0.024,0.4614229123576395,0.5958019582874018,-0.10702477736530201,4.622750978474876,0.024,-0.25,0,vano,nan
1.47,0.027,0.46344433849802147,0.6001523175126633,-0.09632593255537533,4.837105676634772,0.024,-0.25,0,vano,nan
1.59,0.028,0.4556506170174164,0.6076652735668221,-0.08871729732326966,5.216580405926861,0.024,-0.25,0,vano,nan
1.68,0.029,0.4577344691705373,0.6178196398322732,-0.08275359666176538,5.366490339839505,0.024,-0.25,0,vano,nan
1.78,0.03,0.4560674188693242,0.6221656586838396,-0.07748412135380112,5.626128507435148,0.024,-0.25,0,vano,nan
1.87,0.03,0.44886342010814273,0.6265479833465942,-0.07319975294302619,5.847078900909788,0.024,-0.25,0,vano,nan
2.17,0.029,0.44536340563146515,0.6339840332109613,-0.0698527064857554,7.196204419819821,0.024,-0.25,0,vano,nan
2.28,0.029,0.43623372256392834,0.6358943097384598,-0.0663842876701044,7.443895930454379,0.024,-0.25,0,vano,nan
2.37,0.028,0.4407985915100464,0.6367408747597919,-0.06418401442189789,7.759897725831153,0.024,-0.25,0,vano,nan
2.47,0.027,0.43799691435735744,0.6387865258010534,-0.06234449662372343,8.314237379779325,0.024,-0.25,0,vano,nan
2.58,0.025,0.43060858991439277,0.6396079844243848,-0.060858917383972144,8.784916792991732,0.024,-0.25,0,vano,nan
2.68,0.025,0.42771222899069805,0.6422845624970888,-0.059027179006655744,9.143947826002773,0.024,-0.25,0,vano,nan
2.77,0.024,0.42319984185082127,0.6446412745443516,-0.05720887357375287,9.626169158078177,0.024,-0.25,0,vano,nan
2.88,0.024,0.42476091963944157,0.6440923658959782,-0.055646679075000066,10.161706898917759,0.024,-0.23478724716189436,0,vano,nan
2.97,0.023,0.42476091963944157,0.6466413025208317,-0.056321323761865744,10.675004352012916,0.024,-0.22742095344576796,0,vano,nan
3.07,0.021,0.4173063544974182,0.6439424007543219,-0.05666716379449138,11.381185033842332,0.024,-0.21204574672154597,0,vano,nan
3.37,0.019,0.40698348399346523,0.6467756396830306,-0.05768688656777443,12.979173126715303,0.024,-0.17938802123864606,0,vano,nan
4.18,0.016,0.3886049951652033,0.6465237712058649,-0.05839307416333003,16.48238770054792,0.024,-0.0940297665228027,0,memoria,nan
4.27,0.016,0.39318948116342434,0.6465996123622751,-0.05839922850948995,16.817694196371963,0.024,-0.08530685210506073,0,memoria,nan
4.77,0.02,0.383392218564145,0.6413962162493378,-0.05713435962077776,17.86161341266,0.024,-0.04659329093305342,0,memoria,nan
4.87,0.021,0.3830273726882458,0.6415360521138532,-0.05670146370679882,18.022086636414134,0.024,-0.03849604853354416,0,memoria,nan
4.98,0.023,0.3808621498685428,0.646181604920429,-0.05598264441884515,18.136953540290953,0.024,-0.029019466430627583,0,memoria,nan
5.29,0.031,0.3852830488180139,0.6463943618222229,-0.05353741792105318,18.712046572870346,0.024,0.008043472435184218,0,memoria,nan
5.38,0.032,0.3829428226145148,0.6413962162493378,-0.052959014132523435,18.831362963532772,0.024,0.016372802334934655,0,memoria,nan
5.47,0.035,0.3829427663740349,0.6413962162493378,-0.0522243639483089,19.034900315693484,0.024,0.028313249411858976,0,memoria,nan
5.58,0.036,0.3900649963125778,0.6413962162493378,-0.051634642236581874,19.1310546984292,0.024,0.036138060670843686,0,memoria,nan
5.87,0.043,0.38314508772923717,0.6413962162493378,-0.049351720573029695,19.255395426297028,0.024,0.05993958828624313,0,memoria,nan
6.18,0.031,0.3859679071337774,0.6513924478039882,-0.0533578188134026,18.658118076438395,0.024,0.008248019668958162,0,memoria,nan
6.28,0.032,0.38351512210550426,0.6413961566582183,-0.05314918223606829,18.678833098897947,0.024,0.010668066884782557,0,memoria,nan
6.38,0.032,0.3806585033781145,0.6463943022311032,-0.053111079944154205,18.644619447013124,0.024,0.010115276200227341,0,memoria,nan
6.48,0.032,0.3806180907004256,0.646181604920429,-0.05309724027986032,18.62965121572138,0.024,0.009847965800010905,0,memoria,nan
6.58,0.032,0.3713112320487582,0.6413962162493378,-0.053049212901634835,18.618068722090367,0.024,0.009976983229861569,0,memoria,nan
6.67,0.032,0.3830273726882458,0.646181604920429,-0.05291775134253765,18.60369340763071,0.024,0.010783792409240434,0,memoria,nan
6.78,0.033,0.3782635867261903,0.6465348754249401,-0.052622946731470804,18.598586443676865,0.024,0.013303333905179016,0,memoria,nan
6.88,0.035,0.3759607040800373,0.6508923356511895,-0.05203450269348986,18.539028030371515,0.024,0.017040094632844616,0,memoria,nan
7.17,0.041,0.3829427663740349,0.6465349350248509,-0.04995982088484552,18.48141959780485,0.024,0.03420404567284163,0,memoria,nan
7.27,0.044,0.3829427663740349,0.6466033138620217,-0.04921111586201757,18.474357210706835,0.024,0.04075749801642703,0,memoria,nan
7.37,0.046,0.3782635867261903,0.6504864461432537,-0.04852406223233649,18.393219410925994,0.024,0.04481679805255723,0,memoria,nan
7.47,0.048,0.3876289461809314,0.6466033734662124,-0.04778916453801141,18.398828297429567,0.024,0.0515777176067701,0,memoria,nan
7.57,0.05,0.38314508772923717,0.6504864461432537,-0.047120214279236156,18.275086170536067,0.024,0.05435870862917902,0,memoria,nan
7.67,0.052,0.38098997559540965,0.6465996123622751,-0.04657014207660051,18.284982837662774,0.024,0.05956845259240229,0,memoria,nan
7.77,0.054,0.38572319584514564,0.6463757961331724,-0.04586448103972396,18.222879887364932,0.024,0.06429355048744156,0,memoria,nan
7.87,0.056,0.38535846598257756,0.6454933032762507,-0.0451330683940053,18.13400266032034,0.024,0.06854946393595351,0,memoria,nan
7.97,0.058,0.3857231389645336,0.6504864461432537,-0.04457827653040908,18.126394075823693,0.024,0.0733433984319955,0,memoria,nan
8.07,0.061,0.38535852247002633,0.6463758557231348,-0.04380778423347187,18.00149288818544,0.024,0.07700792365852216,0,memoria,nan
8.17,0.063,0.3900650528768079,0.6416004494953966,-0.042971015143337316,17.956333469327415,0.024,0.0833565746486935,0,memoria,nan
8.27,0.066,0.39046200628281935,0.6416003898914374,-0.042168757385042804,17.860188614869298,0.024,0.08805982806962687,0,memoria,nan
8.37,0.068,0.3900649963125778,0.6465238308050812,-0.04148486671730581,17.739654393314463,0.024,0.09105926553806953,0,memoria,nan
8.47,0.071,0.3878649996496953,0.6454992662475826,-0.04074732876070933,17.665353078661802,0.024,0.09575190327856398,0,memoria,nan
8.57,0.073,0.3973225291125888,0.6413778072189081,-0.03990855993348219,17.511810641890882,0.024,0.09928109112882655,0,memoria,nan
8.67,0.076,0.3947778050771177,0.6411588638788848,-0.03906664793068462,17.26118405288748,0.024,0.1,0,memoria,nan
8.77,0.079,0.39949661336898046,0.6450628625588699,-0.03819508068191524,17.123832067122162,0.024,0.1,0,memoria,nan
8.87,0.082,0.4111574027963905,0.6405057561174691,-0.03739627084180261,16.982864481062165,0.024,0.1,0,memoria,nan
8.97,0.083,0.40422126565919386,0.6445544950644992,-0.03745859920468947,16.877879795204194,0.024,0.10473446693100391,0,vano,nan
9.07,0.085,0.40895161624442294,0.6433218494142302,-0.03756895676412625,16.778885890256127,0.024,0.10114959452494782,0,vano,nan
9.17,0.087,0.40895161624442294,0.6454992067124394,-0.03819919823536319,16.66007461192892,0.024,0.09236694929084555,0,vano,nan
9.27,0.09,0.4158810518642055,0.6400717601952728,-0.03739607178365978,16.497090836936945,0.024,0.09532818210476701,0,memoria,nan
9.77,0.105,0.4231745674651408,0.6418016429480244,-0.03326723121563305,15.443646283865595,0.024,0.1,0,memoria,nan
9.87,0.107,0.43707938078940883,0.6359643998462835,-0.03258660356821369,15.22908326562304,0.024,0.1,0,memoria,nan
10.17,0.115,0.44164555921517296,0.6340240329310117,-0.028925994585951104,14.4499473940171,0.024,0.11796478687479917,0,vano,nan
10.28,0.117,0.44511678886461675,0.6317988018983778,-0.02653091321311274,14.210600778074957,0.024,0.13325443947779936,0,vano,nan
10.57,0.125,0.45618782479145126,0.6279286427386394,-0.023154221348900356,13.222183138294586,0.024,0.1377679529572727,0,vano,nan
10.87,0.134,0.45938414039622166,0.6085294597105085,-0.01879994750836994,11.932275544526874,0.024,0.14318671568546032,0,vano,nan
10.97,0.136,0.4667075898111163,0.6164283382168053,-0.0164637719700238,11.609002458135532,0.024,0.15574902591965611,0,vano,nan
11.07,0.137,0.46652325320009636,0.6145050021550756,-0.013762050548539295,11.345576601485682,0.024,0.17316804591287693,0,vano,nan
11.17,0.139,0.46201213086825615,0.6125118398657496,-0.011603046945370066,11.125360138173772,0.024,0.1868338248135648,0,vano,nan
11.27,0.141,0.46636290841390077,0.6125118398657496,-0.00961038235690706,10.933663268322013,0.024,0.19974919379271147,0,vano,nan
11.37,0.141,0.46671867915180176,0.6096487090059909,-0.008433924569186013,10.67945714906424,0.024,0.20368221324255265,0,vano,nan
11.47,0.143,0.4620120713056343,0.6056142680943617,-0.005759010509639617,10.334317376820023,0.024,0.2187207016706028,0,vano,nan
11.57,0.143,0.46698957836767424,0.6083171085021659,-0.00535508318522121,10.088692580655422,0.024,0.21592560546395018,0,vano,nan
11.67,0.144,0.4662711598520598,0.6104491759076128,-0.005051256531947684,9.811476291869285,0.024,0.21140253987419558,0,vano,nan
11.77,0.146,0.46671867915180176,0.6061157990245777,-0.004846521981810209,9.505189976948339,0.024,0.20522659385167677,0,vano,nan
12.08,0.151,0.46671867915180176,0.6015061826288981,-0.003922635630156268,8.763285728792022,0.024,0.194118563219271,0,vano,nan
12.17,0.153,0.467335680053169,0.6015061255455373,-0.002908509087476724,8.570442686194589,0.024,0.19819708305405362,0,vano,nan
12.27,0.155,0.46328268678394036,0.6035738481548203,-0.0030885042219741254,8.34256401048026,0.024,0.19061127706412775,0,vano,nan
12.37,0.156,0.46698951880416106,0.59909811044808,-0.002681477051222264,8.133945135045643,0.024,0.18881289221368155,0,vano,nan
12.47,0.159,0.46522813720807443,0.5966215510600624,-0.0023924140634470903,7.906498761872981,0.024,0.18545992697828412,0,vano,nan
12.57,0.16,0.46522813720807443,0.5954460358992392,-0.0023347843879984453,7.7025394768559,0.024,0.18063895246197953,0,vano,nan
12.67,0.162,0.46236025348933024,0.5918594970452582,-0.0014610084086973119,7.540000455936548,0.024,0.18424767465867378,0,vano,nan
12.78,0.163,0.46278379232419603,0.5918595538215419,-0.0007748118257897285,7.368474031758547,0.024,0.18593289262072424,0,vano,nan
12.88,0.166,0.46106965659836036,0.5918595538215419,-0.0009393540982975401,7.189723810874487,0.024,0.17977234232851297,0,vano,nan
12.97,0.167,0.4583123278040912,0.5914023673204046,-0.0008964063345208162,6.996399424489201,0.024,0.1750976516022721,0,vano,nan
13.07,0.17,0.45972033628997233,0.4984352453100606,-0.0005711625877326265,6.714902026882846,0.024,0.17065526068732603,0,vano,nan
13.17,0.172,0.45888935393462504,0.4984352453100606,-0.0007184184810367089,6.3719756068546,0.024,0.1603521649652344,0,vano,nan
13.27,0.174,0.4581255111938022,0.494271493240945,-0.0007841178009138916,6.081571112979518,0.024,0.15215809921527793,0,vano,nan
13.38,0.177,0.4564310346455669,0.49115050709897967,-0.0001440698620391867,5.75241784973891,0.024,0.14930131838430194,0,vano,nan
13.47,0.178,0.45699490358452377,0.4883249227981246,0.00042164515105691525,5.507880773440089,0.024,0.14799078781524433,0,vano,nan
13.58,0.18,0.4545783044292704,0.48144050438620695,0.0013250368614463603,5.219256075905353,0.024,0.14856513629691848,0,vano,nan
13.69,0.182,0.4545783044292704,0.4775331502974023,0.002689455841088484,5.004029399158185,0.024,0.15521028589265218,0,vano,nan
13.79,0.184,0.4534420347759112,0.47437288844081077,0.003697316102073772,4.881546656671424,0.024,0.1610744375416203,0,vano,nan
13.88,0.185,0.4530046168645784,0.4742696214889579,0.0035350869691159748,4.744519291592405,0.024,0.15602700731605834,0,vano,nan
13.97,0.187,0.45204562542997917,0.47422596613630313,0.004346776192922591,4.65492106610878,0.024,0.16098653427236756,0,vano,nan
14.07,0.188,0.4530046168645784,0.472134142037437,0.004028166839594449,4.505545563234523,0.024,0.15420840857194723,0,vano,nan
14.17,0.19,0.45170459956886744,0.472134142037437,0.00445789146558756,4.419642518342847,0.024,0.1558269937496129,0,vano,nan
14.28,0.193,0.44909993278509297,0.469954931224275,0.004489622584371078,4.2963868742405635,0.024,0.15288574860178777,0,vano,nan
14.38,0.193,0.44909993278509297,0.4695959969165163,0.005222947970091679,4.178533566343378,0.024,0.1564002846875144,0,vano,nan
14.48,0.195,0.44909999186093347,0.46515676455383764,0.005888696739674654,4.110456779059181,0.024,0.1606097774903276,0,vano,nan
14.58,0.197,0.44909999186093347,0.4647733159995335,0.006261714094746268,3.953023876832085,0.024,0.15984534994372243,0,vano,nan
14.68,0.197,0.44909999186093347,0.4625630970167654,0.006586325665490167,3.8438474002389253,0.024,0.15990862060700178,0,vano,nan
14.77,0.199,0.44909999186093347,0.4603625399360276,0.0066217749188732244,3.7308386954617685,0.024,0.15726910291478585,0,vano,nan
14.87,0.202,0.4488449348920899,0.4582228043869333,0.007094546444120192,3.5420306722160793,0.024,0.15658106415227965,0,vano,nan
14.97,0.203,0.44579865327919876,0.4603625972821315,0.0068037604953185005,3.446548532168606,0.024,0.15146427403204632,0,vano,nan
15.37,0.211,0.44393633174894254,0.4534217241056289,0.007110646327863512,2.8054587576191508,0.06,0.1374425554748172,0,vano,nan
15.48,0.213,0.4460675798511905,0.4505327496737893,0.007372004121820708,2.6076646278145894,0.06,0.134616537411122,0,vano,nan
15.58,0.216,0.44509071561362207,0.4481435889425375,0.007737516720060178,2.5032532994190055,0.06,0.13517266860995125,0,vano,nan
15.68,0.22,0.44219606279405466,0.44862462520906915,0.007801748141992915,2.4076821075508863,0.06,0.13324870345511503,0,vano,nan
15.77,0.223,0.442821888317246,0.4465251720055386,0.006613591193406931,2.353282696685803,0.06,0.12113111767172985,0,vano,nan
15.87,0.226,0.4423013465600692,0.44652511449410864,0.006194666544921346,2.350110339157465,0.06,0.11727774370947969,0,vano,nan
15.98,0.233,0.44282182951285437,0.44734566601480213,0.0061243028204567285,2.5043816593586965,0.06,0.12068328390766303,0,vano,nan
16.27,0.257,0.4265850870229359,0.42423873580777255,0.008561705006661341,1.6663485628125958,0.06,0.12068024842038508,0,vano,nan
16.57,0.278,0.40855007411528577,0.3980668155101503,0.007296073008511983,0.8342928175848864,0.06,0.08750639196550292,0,vano,nan
16.67,0.285,0.40645450748594086,0.3838718282623083,0.008505508213114465,0.6521265718179772,0.06,0.09362220764498064,0,vano,nan
16.77,0.291,0.4020125228847811,0.3772987187468978,0.008120052887132578,0.4792470487393495,0.06,0.08562713438064429,0,vano,nan
16.87,0.298,0.39866215968696267,0.37046566068005127,0.008596372368504579,0.4061409657488692,0.06,0.08800009693586214,0,vano,nan
16.97,0.303,0.3918203829074133,0.3661361570691775,0.0082480069856872,0.3926075133552953,0.06,0.08451050353536108,0,vano,nan
17.07,0.308,0.3918203829074133,0.3598367803459208,0.007674143709291897,0.282888740217898,0.06,0.07647330328405891,0,vano,nan
17.17,0.312,0.3885456960845619,0.3564065659726481,0.007159723742060337,0.29038872900151874,0.06,0.0720398728261801,0,vano,nan
17.27,0.315,0.3918203829074133,0.35304875673711844,0.007716208532087793,0.12431861070972164,0.06,0.07270053040637472,0,vano,nan
17.37,0.321,0.3759502224534691,0.35304869851718346,0.009026254518003984,-0.09450905826815532,0.06,0.07876204930242814,0,vano,nan
17.47,0.326,0.3745572504188368,0.3497968426417983,0.009415556204418474,-0.33044585620942557,0.06,0.07608895355412693,0,vano,nan
17.57,0.329,0.37595028051836815,0.3439011738547954,0.010776617764309854,-0.5938422858564891,0.06,0.08144280519014105,0,vano,nan
17.68,0.334,0.37106002181803593,0.34263115805272026,0.011206439821239894,-0.7481523986698323,0.06,0.08127137439593632,0,vano,nan
18.07,0.357,0.3549647096126673,0.3224472771470514,0.008345442013478935,-1.5615490680451913,0.06,0.03422771911805407,0,vano,nan
18.17,0.363,0.3533669023330572,0.3176097755644977,0.0016439056401242047,-1.320350877877573,0.06,-0.019771554389723972,0,vano,nan
18.27,0.367,0.34700755365744973,0.30981542788589306,-0.0030214696509932304,-1.2024143380351833,0.06,-0.058672360616792124,0,vano,nan
18.37,0.372,0.3436835211142169,0.30718438971145096,-0.005148278716913771,-1.1861935113498747,0.06,-0.077388981960496,0,vano,nan
18.47,0.377,0.3391987709406222,0.3022513992827557,-0.00559476549316143,-1.1908136917123608,0.06,-0.08152831898576698,0,vano,nan
18.57,0.383,0.3340142443270025,0.29386326540884367,-0.006568667785040769,-1.2673250027762732,0.06,-0.09229650105230529,0,vano,nan
18.67,0.39,0.326037956896114,0.28828976009498714,-0.00559671556208749,-1.4367530399133126,0.06,-0.08798454668557462,0,vano,nan
18.77,0.397,0.32125150330937113,0.28672555377735126,-0.0071150974322897464,-1.3967826021715046,0.06,-0.100603559904308,0,vano,nan
18.87,0.403,0.31360550470436843,0.2876886661135496,-0.006216180150294209,-1.5579054281222684,0.06,-0.09673149008578605,0,vano,nan
18.97,0.41,0.30827265761838285,0.2784521690365012,-0.007229640912759003,-1.4949837661250833,0.06,-0.10420535168895238,0,vano,nan
19.07,0.416,0.3025741044382743,0.26576905882230034,-0.00817814113494518,-1.5019999293525559,0.06,-0.1129255364123931,0,vano,nan
19.17,0.422,0.29727921744791896,0.2657572544951577,-0.006806956415199877,-1.555871339511504,0.06,-0.10199522415463433,0,vano,nan
19.57,0.444,0.2762019289721641,0.2587974281786945,-0.005934746207329783,-1.5609924591775786,0.06,-0.09427940288314593,0,vano,nan
19.88,0.463,0.2551120586416478,0.23113914167413135,-0.00619373204530721,-1.2181457489322018,0.06,-0.08763456953982357,0,vano,nan
19.97,0.469,0.24774869165765775,0.2302467245658444,-0.0064008075005791976,-1.0971110123045322,0.06,-0.08632956664211594,0,vano,nan
20.07,0.473,0.24427345890434668,0.22756216883656133,-0.005512451069317095,-1.09059326744138,0.06,-0.07816372459925659,0,vano,nan
20.17,0.478,0.23351137274216993,0.21772220694354677,-0.006428571664749819,-0.9390502830798771,0.06,-0.08244142390504135,0,vano,nan
20.27,0.485,0.22959032319636688,0.218211195269434,-0.006241741691033226,-0.9292904049484865,0.06,-0.08050444112961277,0,vano,nan
20.37,0.491,0.22218115984130346,0.2104259902903605,-0.005908279831278979,-0.9005138880420243,0.06,-0.07674991694091418,0,vano,nan
20.47,0.496,0.2171066465984275,0.200517986593294,-0.006466282554860842,-0.8867095395301978,0.06,-0.08141054445421472,0,vano,nan
20.57,0.502,0.21121206086449099,0.2000407933660773,-0.006552220312030274,-0.7908995459936284,0.06,-0.07967568450344818,0,memoria,nan
20.67,0.508,0.20517082694331878,0.1950298016071901,-0.0066240274068225385,-0.6585081523429341,0.06,-0.07685594977581577,0,memoria,nan
20.77,0.514,0.19921403131229404,0.18534025527816703,-0.006690418401642889,-0.5617446458613884,0.06,-0.07492020605338215,0,memoria,nan
20.87,0.52,0.19334684754895337,0.18611168981223988,-0.006741777845249958,-0.4468058636286434,0.06,-0.07237335076355453,0,memoria,nan
20.97,0.526,0.18622097173758212,0.17622717967950502,-0.006782813486086017,-0.3017060385100384,0.06,-0.06894396699249762,0,memoria,nan
21.07,0.532,0.18266048704908233,0.17080600027025156,-0.006809246468380575,-0.15869354225112658,0.06,-0.06543780543632752,0,memoria,nan
21.17,0.537,0.1903521926352981,0.1658562516195044,-0.0068198799623869905,-0.022687038841455492,0.06,-0.06197286494944977,0,memoria,nan
21.48,0.554,0.17210418978467726,0.15728955758686372,-0.006761049460206767,0.4330400450529733,0.06,-0.04951248327312245,0,memoria,nan
21.58,0.559,0.1702748085892573,0.15064003671644216,-0.006716731516931973,0.5920761760818725,0.06,-0.0449500656095182,0,memoria,nan
21.69,0.566,0.1573774265807843,0.145501911453649,-0.00664252725351229,0.7299474242427894,0.06,-0.04067276640237778,0,memoria,nan
22.59,0.62,0.12678572148488934,0.10122056527145644,-0.005241149666110334,2.274525817026144,0.06,0.01237659964808746,0,memoria,nan
22.68,0.624,0.12041448720657807,0.10255500006984458,-0.005068719896367493,2.4366329564322227,0.06,0.018172422561211307,0,memoria,nan
22.78,0.63,0.12213834550232845,0.09686469972590632,-0.004815528528466895,2.4337032828105074,0.06,0.020374446196255058,0,memoria,nan
22.87,0.637,0.12009247746472367,0.08903042911669141,-0.004547339111654766,2.58470876870491,0.06,0.02674146532371098,0,memoria,nan
22.97,0.643,0.11741946777350558,0.09256918526264658,-0.004250155233454941,2.6844754721818367,0.06,0.032028006416809265,0,memoria,nan
23.07,0.65,0.1162382582884421,0.08259376827744597,-0.0039028311343839023,2.790861081851447,0.06,0.037939092056662946,0,memoria,nan
23.18,0.656,0.11268331793265056,0.084787306035604,-0.003617224578413014,2.849212349184208,0.06,0.042037183666903066,0,memoria,nan
23.27,0.663,0.1110816399007881,0.0801930491867053,-0.0032757005576466852,2.9035197819212204,0.06,0.046532665118149366,0,memoria,nan
23.37,0.668,0.11108158386293075,0.07554264191674626,-0.002989649357579491,2.946996797382538,0.06,0.05024535152186484,0,memoria,nan
23.47,0.674,0.11324107492211763,0.07116306589537276,-0.002693295029521134,2.9810433589392287,0.06,0.05380387737161081,0,memoria,nan
23.77,0.692,0.09716220286236109,0.0653491516098554,-0.0017735146610896174,2.9494813055060205,0.06,0.061255608060844666,0,memoria,nan
23.87,0.699,0.10474844186798192,0.06632305296012284,-0.00139516065322573,2.970057754407052,0.06,0.0651994843041567,0,memoria,nan
23.97,0.706,0.09305660441088709,0.062433463586882794,-0.0010548311680620565,2.906780006498675,0.06,0.06660584210425756,0,memoria,nan
24.07,0.712,0.09123700913819453,0.06220704767718127,-0.0007317874024473509,2.8923621178495247,0.06,0.06913577655261953,0,memoria,nan
24.17,0.719,0.09941911278771232,0.06259553233085964,-0.00042223197657836886,2.8619822345574857,0.06,0.07112643190071383,0,memoria,nan
24.47,0.735,0.09618443409484959,0.056509859891265724,0.00038535498981781546,2.6747249418769594,0.06,0.07349233013981069,0,memoria,nan
24.57,0.742,0.09632601915632133,0.05663096789617393,0.0006930323921612025,2.578665213114548,0.06,0.07374658894268601,0,memoria,nan
24.67,0.748,0.09182688809253581,0.054818589069999785,0.0009674994745341586,2.503052538725104,0.06,0.07423725749754133,0,memoria,nan
24.78,0.756,0.08825180879939952,0.05308933807314692,0.0012845090689563576,2.4383537318595274,0.06,0.07539653304446678,0,memoria,nan
24.87,0.762,0.08859329157676828,0.0548185393562134,0.0015342671192613913,2.3681744805695595,0.06,0.07580706699482045,0,memoria,nan
24.97,0.768,0.08583503152456318,0.05357548434689497,0.0017829467342208444,2.343994866859795,0.06,0.07741216272281191,0,memoria,nan
25.07,0.773,0.08190945774006064,0.052914222506662556,0.002003348980213683,2.2144427293278,0.06,0.0760041159073527,0,memoria,nan
25.17,0.779,0.07652591145102434,0.05229502986753848,0.0022438972837253365,2.14256783612072,0.06,0.07628737033498331,0,memoria,nan
25.28,0.786,0.0747766786166329,0.049446698069414874,0.002481703430321544,2.0111269072546496,0.06,0.0749865101834603,0,memoria,nan
25.37,0.791,0.07008834580120529,0.05229502986753848,0.0026738827991759223,1.9770203907073032,0.06,0.07582321798794402,0,memoria,nan
25.87,0.823,0.06423497242603257,0.059606304523698805,0.003590374891183648,1.3224118418296567,0.06,0.06693403508158781,0,memoria,nan
25.97,0.829,0.058933775096688415,0.05794370575566027,0.003729232594905124,1.1860764256587808,0.06,0.06461450156619333,0,memoria,nan
26.07,0.835,0.05758116766665124,0.05926422187835212,0.0038440516269276567,1.0124763177893015,0.06,0.06110303265818653,0,memoria,nan
26.17,0.841,0.06008213923330626,0.06287698426964611,0.003940253560450767,0.8805829302365545,0.06,0.05851588924828801,0,memoria,nan
26.27,0.846,0.05692523919922488,0.06025005723762872,0.004008446252042816,0.7161676491428292,0.06,0.054825241479100215,0,memoria,nan
26.57,0.865,0.05241192186867825,0.06529435194913841,0.004171224665059384,0.22926518111513983,0.06,0.043543170391494926,0,memoria,nan
26.67,0.871,0.04820646985807975,0.06529435194913841,0.004183003448457505,0.034966294449254684,0.06,0.03856244648415951,0,memoria,nan
26.79,0.877,0.051994307627222625,0.06364494176190155,0.004178781003073548,-0.12348379791816871,0.06,0.034376230757852885,0,memoria,nan
26.87,0.881,0.048980720304205194,0.06598034165507388,0.00416373704353367,-0.27372352725367594,0.06,0.030307568205679418,0,memoria,nan
26.97,0.887,0.051220788183628574,0.07078566435835931,0.0041343006073315675,-0.3947070574142409,0.06,0.026875298866878908,0,memoria,nan
27.07,0.893,0.050701347332388735,0.06645223135525452,0.0040844057527517665,-0.5844843266341972,0.06,0.021457887885662802,0,memoria,nan
27.57,0.923,0.039250198673372705,0.0889226576705891,0.00360949040347008,-1.2142599563955123,0.06,0.0006961623098940273,0,memoria,nan
27.67,0.929,0.04200341217848569,0.09161121540643996,0.0034878741648555513,-1.3206846871013107,0.06,-0.0031845767721834783,0,memoria,nan
27.98,0.948,0.039335887477957854,0.09571157606059749,0.0030048900940984405,-1.641952587170503,0.06,-0.015942207364760756,0,memoria,nan
28.07,0.953,0.03933586522614263,0.09738575291616886,0.0028382475859784206,-1.7034896601960816,0.06,-0.01905302674234574,0,memoria,nan
28.17,0.96,0.039622742806118716,0.09964993162737784,0.0026326172015078177,-1.7765834159813794,0.06,-0.022817290254234315,0,memoria,nan
28.27,0.966,0.03962276556773203,0.10133098536284518,0.00245150547722265,-1.8043359969688908,0.06,-0.025173856644038504,0,memoria,nan
28.57,0.985,0.04843453161036837,0.10363541212969057,0.0018275762625831644,-1.9585057834372288,0.06,-0.034825375147247525,0,memoria,nan
28.67,0.991,0.047259127499521714,0.10715740723834194,0.0016246144623056485,-1.993382595963321,0.06,-0.03756510416651683,0,memoria,nan
28.78,0.997,0.04952634491853802,0.10740700122478702,0.001391123090493199,-2.0174567380412185,0.06,-0.04029678607860721,0,memoria,nan
28.88,1.003,0.04984692031743526,0.10942224662574979,0.0011788318771320788,-2.0288320105763757,0.06,-0.04250521093743255,0,memoria,nan
28.98,1.009,0.04959142282663587,0.11188527634768236,0.0009829843739542505,-2.044997922916094,0.06,-0.04469106106140831,0,memoria,nan
29.27,1.009,0.052407741406317154,0.11607025053993936,0.0009829843739542505,-2.044997922916094,0.06,-0.04469106106140831,0,memoria,nan
29.37,1.009,0.05489551219292471,0.11871433393420405,0.0009829843739542505,-2.044997922916094,0.06,-0.04469106106140831,0,memoria,nan
30.17,1.009,0.059926446320717586,0.13179174672874316,0.0009829843739542505,-2.044997922916094,0.06,-0.04469106106140831,0,memoria,nan
30.27,1.009,0.06137585471956408,0.13327215564821243,0.0009829843739542505,-2.044997922916094,0.06,-0.04469106106140831,0,memoria,nan
30.57,1.097,0.06388135954899232,0.1365517378365389,-0.002088819781192249,-1.638711608616458,0.06,-0.06170074762224505,0,memoria,nan
30.67,1.097,0.06480055922756417,0.13658398948283873,-0.002088819781192249,-1.638711608616458,0.06,-0.06170074762224505,0,memoria,nan
30.77,1.097,0.06373222514525861,0.13847977216332374,-0.002088819781192249,-1.638711608616458,0.06,-0.06170074762224505,0,memoria,nan
30.88,1.097,0.0655033697324004,0.13847983108251166,-0.002088819781192249,-1.638711608616458,0.06,-0.06170074762224505,0,memoria,nan
30.98,1.097,0.06783624920061154,0.13841882010957285,-0.002088819781192249,-1.638711608616458,0.06,-0.06170074762224505,0,memoria,nan
31.07,1.131,0.06480055922756417,0.13817819047725083,-0.003071185071132768,-1.3568565324432273,0.06,-0.06316308659268627,0,memoria,nan
31.57,1.16,0.07190047966125651,0.1340630270752095,-0.003666182790424924,-0.957190490907699,0.06,-0.05805483356650461,0,memoria,nan
31.67,1.166,0.07421008255655837,0.13366064452311882,-0.003758895478331317,-0.8469953730727527,0.06,-0.05600434631889774,0,memoria,nan
31.77,1.172,0.07260137797342409,0.13226373815235465,-0.003844176635053223,-0.7440036648612994,0.06,-0.05407556011358018,0,memoria,nan
31.87,1.177,0.07474734536645822,0.13033155457613865,-0.003909218779202892,-0.6156238958869207,0.06,-0.05129996491859834,0,memoria,nan
31.97,1.184,0.07686445632912359,0.12821228443660254,-0.003974204164557873,-0.6007534438498039,0.06,-0.05149552586283179,0,memoria,nan
32.07,1.189,0.07649089432910555,0.13305556911920735,-0.004027723587990709,-0.4568616804611272,0.06,-0.04821012311727775,0,memoria,nan
32.17,1.196,0.07421010705225495,0.1270230353790634,-0.004078377381031421,-0.34093381134220097,0.06,-0.04563102273822468,0,memoria,nan
32.27,1.201,0.07874269320719507,0.12348006420550178,-0.004103289153446096,-0.2247044203576902,0.06,-0.04281235034955547,0,memoria,nan
32.37,1.207,0.08096533324893679,0.12253170185161577,-0.00412285886558833,-0.12855830001642046,0.06,-0.0404713782143748,0,memoria,nan
32.47,1.214,0.07649089432910555,0.12059700549181851,-0.004129963186577476,-0.00510018633604088,0.06,-0.037303191245240994,0,memoria,nan
32.57,1.219,0.07895300833084251,0.12193104124788562,-0.004125922357628233,0.11874835768309683,0.06,-0.034024476484295185,0,memoria,nan
32.67,1.225,0.07895303340230708,0.12252572883269053,-0.004109909748436655,0.2053773251270138,0.06,-0.031612421937321986,0,memoria,nan
32.77,1.231,0.08109347383033388,0.11776898069118608,-0.004085954509713517,0.33150261317235863,0.06,-0.02809487246918748,0,memoria,nan
33.07,1.249,0.08528623474153851,0.11026410443402729,-0.0039343616684032676,0.6286560325715416,0.06,-0.018951078569282236,0,memoria,nan
33.17,1.256,0.09086307081690348,0.11002687710319359,-0.003856867676120382,0.7134531778626698,0.06,-0.016033648566302974,0,memoria,nan
33.27,1.261,0.08936038144166275,0.10758695824071712,-0.0037866810590822426,0.8258087667123623,0.06,-0.012460506575293476,0,memoria,nan
33.87,1.275,0.08733821280517107,0.09689366796474291,-0.003564804709420808,1.0064719328299494,0.06,-0.005733868799596531,0,memoria,nan
34.17,1.275,0.09367957310579356,0.09284006505933567,-0.003564804709420808,1.0064719328299494,0.06,-0.005733868799596531,0,memoria,nan
34.27,1.275,0.09865233243417554,0.08840695616524352,-0.003564804709420808,1.0064719328299494,0.06,-0.005733868799596531,0,memoria,nan
34.37,1.275,0.09772705472291116,0.08458734982428234,-0.003564804709420808,1.0064719328299494,0.06,-0.005733868799596531,0,memoria,nan
34.47,1.275,0.09515770296342219,0.08458732393311336,-0.003564804709420808,1.0064719328299494,0.06,-0.005733868799596531,0,memoria,nan
34.57,1.275,0.09391256059880115,0.08754816188745362,-0.003564804709420808,1.0064719328299494,0.06,-0.005733868799596531,0,memoria,nan
34.67,1.347,0.09247993651857894,0.08294948207097352,-0.002220783335198283,2.0582760016665103,0.06,0.0338984896990128,0,memoria,nan
